{
  "0h": {
    "POD": 0.9307980049875312,
    "FAR": 0.38075487349647447,
    "CSI": 0.5919904837430611,
    "ROC_AUC": 0.9995245593367467,
    "PR_AUC": 0.8052217284636833,
    "Brier": 0.0011301646640168243,
    "TP": 1493,
    "FP": 918,
    "FN": 111,
    "TN": 682918,
    "train_positive_rate": 0.0006097572682260019,
    "test_positive_rate": 0.0023401027077497665,
    "mean_uncertainty_std": 0.0004559077593464898
  },
  "30m": {
    "POD": 0.7306733167082294,
    "FAR": 0.6892071068682047,
    "CSI": 0.27884844158934097,
    "ROC_AUC": 0.9921150386692512,
    "PR_AUC": 0.42516280793414774,
    "Brier": 0.0034752747218192324,
    "TP": 1172,
    "FP": 2599,
    "FN": 432,
    "TN": 679452,
    "train_positive_rate": 0.0006097572682260019,
    "test_positive_rate": 0.0023462126364906274,
    "mean_uncertainty_std": 0.0026051292256983544
  },
  "60m": {
    "POD": 0.5991271820448878,
    "FAR": 0.795749202975558,
    "CSI": 0.17969334330590875,
    "ROC_AUC": 0.9722425192696188,
    "PR_AUC": 0.22799795709894916,
    "Brier": 0.005152331824818585,
    "TP": 961,
    "FP": 3744,
    "FN": 643,
    "TN": 676522,
    "train_positive_rate": 0.000609373290097396,
    "test_positive_rate": 0.0023523545543872,
    "mean_uncertainty_std": 0.005610068016611959
  }
}