{
  "brier_score": 0.0008526351966864651,
  "crps_approx": 0.001048782980022273,
  "reliability": 8.79478641350934e-05,
  "resolution": 0.0015703881301807343,
  "uncertainty": 0.0023346266270669485,
  "mean_ensemble_spread": 0.000392295566671616
}