{
  "validation": {
    "POD": 0.8770491803278688,
    "FAR": 0.44198174706649285,
    "CSI": 0.5175332527206772,
    "ROC_AUC": 0.9997276772894327,
    "PR_AUC": 0.8030129941068403,
    "Brier": 0.00046033769125623054,
    "TP": 428,
    "FP": 339,
    "FN": 60,
    "TN": 641773
  },
  "test": {
    "POD": 0.8796758104738155,
    "FAR": 0.3014851485148515,
    "CSI": 0.6375960234975147,
    "ROC_AUC": 0.9996153419570535,
    "PR_AUC": 0.8415784901642251,
    "Brier": 0.0008526351966864651,
    "TP": 1411,
    "FP": 609,
    "FN": 193,
    "TN": 683227
  }
}