{
  "brier_before": 0.0008526351966864651,
  "brier_after_isotonic": 0.000882966356204921
}