{
  "5mm": {
    "positive_rate": 0.009847689075630252,
    "POD": 0.9918518518518519,
    "FAR": 0.3182281059063136,
    "CSI": 0.6779746835443038,
    "ROC_AUC": 0.9993705643169876,
    "PR_AUC": 0.9281141222932296,
    "Brier": 0.0034072373804092957,
    "TP": 6695,
    "FP": 3125,
    "FN": 55,
    "TN": 675565,
    "mean_hazard_prob": 0.015265641656916802,
    "max_hazard_prob": 0.999119926918081
  },
  "10mm": {
    "positive_rate": 0.0023401027077497665,
    "POD": 0.9364089775561097,
    "FAR": 0.3744273219491878,
    "CSI": 0.600079904115062,
    "ROC_AUC": 0.9995549252056307,
    "PR_AUC": 0.8139775971619255,
    "Brier": 0.001100903340499838,
    "TP": 1502,
    "FP": 899,
    "FN": 102,
    "TN": 682937,
    "mean_hazard_prob": 0.0037561203270057237,
    "max_hazard_prob": 0.9996579427304073
  },
  "20mm": {
    "positive_rate": 0.000338468720821662,
    "POD": 0.004310344827586207,
    "FAR": 0.0,
    "CSI": 0.004310344827586207,
    "ROC_AUC": 0.9977271468588043,
    "PR_AUC": 0.7155532788963259,
    "Brier": 0.00030214090760012993,
    "TP": 1,
    "FP": 0,
    "FN": 231,
    "TN": 685208,
    "mean_hazard_prob": 3.221459005295363e-05,
    "max_hazard_prob": 0.6059971007512079
  }
}